{
  "name": "root",
  "total": 60.5614442,
  "count": 1,
  "self": 60.5614442
}