{
  "name": "root",
  "gauges": [
    {
      "name": "ArcadeDriver.mean_reward",
      "value": 149.08904470645152,
      "min": -835.5353064923167,
      "max": 400.9504604553855,
      "count": 633
    }
  ],
  "total": 5509.6359376,
  "count": 1,
  "self": 366.77579519998835,
  "children": [
    {
      "name": "TrainerController.advance",
      "total": 5142.860142400012,
      "count": 633384,
      "self": 669.2920285998734,
      "children": [
        {
          "name": "env_step",
          "total": 3843.4235435001274,
          "count": 633384,
          "self": 3430.3216532000847,
          "children": [
            {
              "name": "SubprocessEnvManager._take_step",
              "total": 404.0263294000536,
              "count": 633384,
              "self": 15.607489900015366,
              "children": [
                {
                  "name": "PPOPolicy.evaluate",
                  "total": 388.41883950003825,
                  "count": 633384,
                  "self": 388.41883950003825
                }
              ]
            },
            {
              "name": "workers",
              "total": 9.075560899988885,
              "count": 633383,
              "self": 0.0,
              "children": [
                {
                  "name": "worker_root",
                  "total": 5489.439544200098,
                  "count": 633383,
                  "is_parallel": true,
                  "self": 2604.1878925002957,
                  "children": [
                    {
                      "name": "batched_step_result_from_proto",
                      "total": 0.000502400000000236,
                      "count": 1,
                      "is_parallel": true,
                      "self": 0.00021180000000065036,
                      "children": [
                        {
                          "name": "_process_vector_observation",
                          "total": 0.00029059999999958563,
                          "count": 1,
                          "is_parallel": true,
                          "self": 0.00029059999999958563
                        }
                      ]
                    },
                    {
                      "name": "UnityEnvironment.step",
                      "total": 2885.251149299802,
                      "count": 633383,
                      "is_parallel": true,
                      "self": 78.9838181993714,
                      "children": [
                        {
                          "name": "UnityEnvironment._generate_step_input",
                          "total": 120.5895467001904,
                          "count": 633383,
                          "is_parallel": true,
                          "self": 120.5895467001904
                        },
                        {
                          "name": "communicator.exchange",
                          "total": 2273.0039814002876,
                          "count": 633383,
                          "is_parallel": true,
                          "self": 2273.0039814002876
                        },
                        {
                          "name": "batched_step_result_from_proto",
                          "total": 412.6738029999524,
                          "count": 633383,
                          "is_parallel": true,
                          "self": 181.96688650007508,
                          "children": [
                            {
                              "name": "_process_vector_observation",
                              "total": 230.7069164998773,
                              "count": 633383,
                              "is_parallel": true,
                              "self": 230.7069164998773
                            }
                          ]
                        }
                      ]
                    }
                  ]
                }
              ]
            }
          ]
        },
        {
          "name": "update_policy",
          "total": 630.144570300011,
          "count": 613,
          "self": 454.10228949998566,
          "children": [
            {
              "name": "PPOPolicy.update",
              "total": 176.0422808000253,
              "count": 36780,
              "self": 176.0422808000253
            }
          ]
        }
      ]
    }
  ]
}