{"count":1,"gauges":{},"self":50.0208448,"total":54.9744671,"children":{"AgentResetIfDone":{"count":2718,"self":0.0648084,"total":0.0648084,"children":null},"AgentSendState":{"count":2718,"self":0.39867369999999996,"total":1.5689883,"children":{"CollectObservations":{"count":27180,"self":1.1703146,"total":1.1703146,"children":null}}},"DecideAction":{"count":2718,"self":3.22509,"total":3.22509,"children":null},"AcademyStep":{"count":2718,"self":0.0199466,"total":0.0199466,"children":null},"AgentAct":{"count":2718,"self":0.073789899999999992,"total":0.073789899999999992,"children":null}}}