{"count":1,"gauges":{},"self":2.221364,"total":18.737087,"children":{"AgentResetIfDone":{"count":316,"self":0.010785999999999999,"total":0.010785999999999999,"children":null},"AgentSendState":{"count":316,"self":0.022015999999999997,"total":0.046361,"children":{"CollectObservations":{"count":316,"self":0.024345,"total":0.024345,"children":null}}},"DecideAction":{"count":316,"self":16.457585599999998,"total":16.457584999999998,"children":null}}}