{"count":1,"gauges":{},"self":1.9016043999999999,"total":2.0802947,"children":{"AgentResetIfDone":{"count":70,"self":0.000997,"total":0.000997,"children":null},"AgentSendState":{"count":70,"self":0.0169635,"total":0.0399423,"children":{"CollectObservations":{"count":700,"self":0.0229788,"total":0.0229788,"children":null}}},"DecideAction":{"count":70,"self":0.1337893,"total":0.1337893,"children":null},"AcademyStep":{"count":70,"self":0,"total":0,"children":null},"AgentAct":{"count":70,"self":0.0029936999999999997,"total":0.0029936999999999997,"children":null}}}