{"count":1,"gauges":{},"self":22.487777599999998,"total":24.8450964,"children":{"AgentResetIfDone":{"count":1204,"self":0.0349996,"total":0.0349996,"children":null},"AgentSendState":{"count":1204,"self":0.20095849999999998,"total":0.7068637,"children":{"CollectObservations":{"count":12040,"self":0.50590519999999994,"total":0.50590519999999994,"children":null}}},"DecideAction":{"count":1204,"self":1.5384324,"total":1.5384324,"children":null},"AcademyStep":{"count":1204,"self":0.0129959,"total":0.0129959,"children":null},"AgentAct":{"count":1204,"self":0.062021999999999994,"total":0.062021999999999994,"children":null}}}