{"count":1,"gauges":{},"self":106.6753088,"total":116.57541099999999,"children":{"AgentResetIfDone":{"count":5611,"self":0.0846671,"total":0.0846671,"children":null},"AgentSendState":{"count":5611,"self":0.85285579999999994,"total":2.9380951,"children":{"CollectObservations":{"count":56110,"self":2.0852391999999997,"total":2.0852393,"children":null}}},"DecideAction":{"count":5611,"self":6.6439536,"total":6.6439537999999994,"children":null},"AcademyStep":{"count":5611,"self":0.0408874,"total":0.0408874,"children":null},"AgentAct":{"count":5611,"self":0.1905025,"total":0.1905025,"children":null}}}