{"count":1,"gauges":{},"self":164.1396096,"total":179.8697537,"children":{"AgentResetIfDone":{"count":8947,"self":0.1449237,"total":0.1449237,"children":null},"AgentSendState":{"count":8947,"self":1.4291692999999999,"total":4.9568316,"children":{"CollectObservations":{"count":89470,"self":3.5276623999999996,"total":3.5276623,"children":null}}},"DecideAction":{"count":8947,"self":10.2873632,"total":10.2873634,"children":null},"AcademyStep":{"count":8947,"self":0.0559919,"total":0.0559919,"children":null},"AgentAct":{"count":8947,"self":0.2840393,"total":0.2840393,"children":null}}}