{"count":1,"gauges":{},"self":44.8841344,"total":48.1607224,"children":{"AgentResetIfDone":{"count":2369,"self":0.0340272,"total":0.0340272,"children":null},"AgentSendState":{"count":2369,"self":0.1891404,"total":0.68632149999999992,"children":{"CollectObservations":{"count":11845,"self":0.4971811,"total":0.4971811,"children":null}}},"DecideAction":{"count":2369,"self":2.4732992,"total":2.4732990999999998,"children":null},"AcademyStep":{"count":2369,"self":0.0109895,"total":0.0109895,"children":null},"AgentAct":{"count":2369,"self":0.07095,"total":0.07095,"children":null}}}