{"count":1,"gauges":{},"self":16.3447232,"total":17.8986949,"children":{"AgentResetIfDone":{"count":861,"self":0.0189532,"total":0.0189532,"children":null},"AgentSendState":{"count":861,"self":0.1555886,"total":0.5122736,"children":{"CollectObservations":{"count":8610,"self":0.356685,"total":0.356685,"children":null}}},"DecideAction":{"count":861,"self":0.9898092,"total":0.9898092,"children":null},"AcademyStep":{"count":861,"self":0.0019944999999999997,"total":0.0019944999999999997,"children":null},"AgentAct":{"count":861,"self":0.028947999999999998,"total":0.028947999999999998,"children":null}}}