{"count":1,"gauges":{},"self":105.05246079999999,"total":114.5186516,"children":{"AgentResetIfDone":{"count":5691,"self":0.0968038,"total":0.0968038,"children":null},"AgentSendState":{"count":5691,"self":0.8225946,"total":2.7177596,"children":{"CollectObservations":{"count":56910,"self":1.895165,"total":1.895165,"children":null}}},"DecideAction":{"count":5691,"self":6.4532663999999995,"total":6.4532663999999995,"children":null},"AcademyStep":{"count":5691,"self":0.0319095,"total":0.0319095,"children":null},"AgentAct":{"count":5691,"self":0.16449,"total":0.16449,"children":null}}}