{"count":1,"gauges":{},"self":50.479545599999994,"total":57.6838084,"children":{"AgentResetIfDone":{"count":2851,"self":0.0374522,"total":0.0374522,"children":null},"AgentSendState":{"count":2851,"self":0.8646511,"total":3.0137019,"children":{"CollectObservations":{"count":57020,"self":2.1490508,"total":2.1490508,"children":null}}},"DecideAction":{"count":2851,"self":4.0106139999999995,"total":4.0106139999999995,"children":null},"AcademyStep":{"count":2851,"self":0.0182381,"total":0.0182381,"children":null},"AgentAct":{"count":2851,"self":0.12325509999999999,"total":0.12325509999999999,"children":null}}}