{"count":1,"gauges":{},"self":76.533478399999993,"total":83.441084199999992,"children":{"AgentResetIfDone":{"count":4148,"self":0.0737931,"total":0.0737931,"children":null},"AgentSendState":{"count":4148,"self":0.5771569,"total":2.0288828999999997,"children":{"CollectObservations":{"count":41480,"self":1.4517259999999998,"total":1.4517259999999998,"children":null}}},"DecideAction":{"count":4148,"self":4.6606336,"total":4.6606336,"children":null},"AcademyStep":{"count":4148,"self":0.0269237,"total":0.0269237,"children":null},"AgentAct":{"count":4148,"self":0.1163756,"total":0.1163756,"children":null}}}